ID,exam_id,question,answer_type,sort_order,cat_id,random_per_category,Explanation,is_required,correct_condition,max_selections,is_inactive,is_survey,elaborate_explanation,open_end_mode,tags,open_end_display,exclude_on_final_screen,hints,compact_format,round_points,importance,calculate_whole,unanswered_penalty,truefalse,accept_feedback,feedback_label,reward_only_correct,discard_even_negative,correct_gap_points,incorrect_gap_points,sorting_answers,difficulty_level,num_columns,design,allow_checkbox_groups,gaps_as_dropdowns,slider_transfer_points,is_flashcard,dont_randomize_answers,reduce_points_per_hint,reduce_hint_points_to_zero,accept_rating,file_upload_required,no_negative,max_allowed_points,limit_words,title,dont_explain_unanswered,use_wpautop,min_selections
200066,648,"מהו הערך הבינארי של המספר העשרוני 193? {{{11000001}}}<br /><br />הצג את דרך החישוב או תאר כיצד ביצעת את החישוב: {{{אין אפשרות לבדוק את זה}}}",gaps,1,6,0,"<b>התשובה הנכונה:</b> 11000001<br><br><b>הסבר:</b><br>כדי להמיר את המספר העשרוני 193 לבינארי, משתמשים בשיטת החזקות של 2: 128, 64, 32, 16, 8, 4, 2, 1.<br>המספר 193 מורכב מחיבור של הערכים: 128 + 64 + 1. לכן, יש \"להדליק\" (1) את הביטים במיקומים אלו, ואת השאר לאפס (0).<br>התוצאה (משמאל לימין): הביט של 128 (1), הביט של 64 (1), הביטים של 32, 16, 8, 4, 2 (כולם 0), והביט של 1 (1).<br>התוצאה הסופית: 11000001.",0,any,0,0,0,,,,medium,0,,0,0,0,0,0.00,0,0,,0,0,1.00,0.00,,Easy,1,,0,0,0,0,0,0.00,0,0,0,0,0.00,0,,0,0,0
200067,648,"איזה פרוטוקול מאפשר העברה והצגה של תמונות או סרטונים ברשת האינטרנט?",radio,2,53,0,"<b>התשובה הנכונה:</b> HTTP<br><br><b>הסבר:</b><br><b>HTTP</b> (Hypertext Transfer Protocol) הוא הפרוטוקול בשכבת היישום שמאפשר העברת דפי אינטרנט, תמונות, וסרטונים בין שרת לדפדפן.<br><br><b>מדוע שאר התשובות שגויות?</b><br><ul><li><b>DHCP:</b> (Dynamic Host Configuration Protocol) תפקידו שונה לחלוטין - הוא מחלק אוטומטית כתובות IP ונתוני רשת לתחנות, ולא מעביר מדיה או דפי רשת.</li><li><b>DNS:</b> (Domain Name System) משמש כ\"ספר טלפונים\" של הרשת המתרגם שמות (כמו google.com) לכתובות IP, ולא נועד להעברת תמונות או סרטונים עצמם.</li><li><b>APIPA:</b> (Automatic Private IP Addressing) זהו מנגנון של מערכת ההפעלה המקצה לעצמה כתובת IP (בטווח 169.254.x.x) כאשר שרת ה-DHCP לא זמין. אין לו שום קשר להעברת נתונים בדפדפן.</li></ul>",0,any,0,0,0,,loose,,medium,0,,0,0,0,0,0.00,0,0,,0,0,1.00,0.00,,Medium,1,,0,0,0,0,0,0.00,0,0,0,0,0.00,0,,0,0,0
200068,648,"לפניכם היגדים המתייחסים לכתובת ה- IP הבאה: 192.15.3.0/24.<br />קבעו לגבי כל אחד מההיגדים אם הוא נכון או לא נכון.<br /><br />א. כתובת זו היא כתובת של רשת. {{{נכון|לא נכון}}}<br /><br />ב. כתובת זו שייכת ל- Class B. {{{לא נכון|נכון}}}<br /><br />ג. מסכת הרשת של כתובת זו היא 255.255.0.0. {{{לא נכון|נכון}}}<br /><br />ד. כתובת זו היא כתובת ציבורית. {{{נכון|לא נכון}}}",gaps,3,48,0,"<b>הסבר כללי על הכתובת 192.15.3.0/24:</b><br>זוהי כתובת IP עם קידומת /24 (מסכת 255.255.255.0).<br><br><b>ניתוח ההיגדים:</b><br><ul><li><b>א. כתובת זו היא כתובת של רשת (נכון):</b> מאחר והמסכה היא /24, שלושת האוקטטות הראשונות מייצגות את הרשת (192.15.3) והאחרונה את המארחים. כשהאוקטטה האחרונה כולה אפסים (0), זוהי אכן כתובת הרשת.</li><li><b>ב. כתובת זו שייכת ל- Class B (לא נכון):</b> האוקטטה הראשונה היא 192. לפי חלוקת ה-Classes, מחלקה B מסתיימת ב-191, ומחלקה C מתחילה ב-192. לכן זו כתובת ממחלקה C.</li><li><b>ג. מסכת הרשת של כתובת זו היא 255.255.0.0 (לא נכון):</b> הקידומת /24 משמעותה 24 ביטים \"דלוקים\", ולכן המסכה היא 255.255.255.0 (ולא 255.255.0.0 שמתאימה ל-/16).</li><li><b>ד. כתובת זו היא כתובת ציבורית (נכון):</b> טווח הכתובות הפרטיות במחלקה C הוא 192.168.0.0 עד 192.168.255.255. הכתובת שלנו (192.15) אינה בטווח הפרטי, ולכן היא חייבת להיות כתובת ציבורית הניתנת לניתוב באינטרנט.</li></ul>",0,any,0,0,0,,,,medium,0,,0,0,0,0,0.00,0,0,,0,0,0.25,0.00,,Hard,1,,0,1,0,0,0,0.00,0,0,0,0,0.00,0,,0,0,0
200069,648,"איזו כתובת, מבין הכתובות הבאות, היא כתובת APIPA חוקית לשימוש?",radio,4,48,0,"<b>התשובה הנכונה:</b> 169.254.0.10<br><br><b>הסבר וניתוח שאר התשובות:</b><br>כאשר שרת ה-DHCP אינו זמין, מערכת ההפעלה מקצה לעצמה כתובת בטווח APIPA שהוא: 169.254.0.0 עד 169.254.255.255.<br><ul><li><b>169.254.0.10 (התשובה הנכונה):</b> זוהי כתובת מארח תקינה (Unicast) הנמצאת בתוך הטווח המותר.</li><li><b>127.0.0.1 (תשובה שגויה):</b> זוהי כתובת Loopback (חזרור) המשמשת לבדיקה עצמית של כרטיס הרשת (Localhost), ואינה קשורה כלל ל-APIPA.</li><li><b>169.254.255.255 (תשובה שגויה):</b> אמנם היא בטווח של APIPA, אך זוהי כתובת השידור (Broadcast) של רשת זו. לעולם לא ניתן להגדיר כתובת שידור על מחשב קצה.</li><li><b>169.254.0.0 (תשובה שגויה):</b> זוהי כתובת הרשת (Network Address) עצמה. בדומה לכתובת השידור, לא ניתן לחלק אותה למחשב או מכשיר קצה.</li></ul>",0,any,0,0,0,,loose,||,medium,0,,0,0,0,0,0.00,0,0,,0,0,1.00,0.00,,Hard,1,,0,0,0,0,0,0.00,0,0,0,0,0.00,0,,0,0,0
200070,648,"התבקשתם להגדיר שם לנתב החדש בחברה שלכם, השם שעליכם להגדיר הוא EXAM (שימו לב לאותיות גדולות\\קטנות!).<br />השלימו את הפקודה הבאה להגדרת שם הנתב.<br /><p dir=\'ltr\' style=\'direction: ltr;\'>Router&gt;enable<br />Router# {{{configure terminal|conf t|configure t|config terminal|conf terminal|config term}}}<br />Router(config)# {{{hostname EXAM|host EXAM}}}</p>",gaps,5,49,0,"<b>התשובות הנכונות לפקודות:</b><br>1. configure terminal (או conf t)<br>2. hostname EXAM<br><br><b>הסבר:</b><br><ul><li><b>השלב הראשון (configure terminal):</b> לאחר שהמשתמש ביצע את פקודת ה-`enable` כדי לעבור ממצב \'משתמש רגיל\' למצב \'ניהול\' (Privileged EXEC), עליו לעבור למצב \'הגדרות גלובליות\' (Global Configuration Mode) כדי לשנות פרמטרים המשפיעים על כל הנתב. הפקודה לכך היא `configure terminal` (או בקיצור `conf t`). הפרומפט ישתנה ל-`(config)#`.</li><li><b>השלב השני (hostname EXAM):</b> במצב הגדרות, הפקודה המשמשת לשינוי שם הרכיב היא `hostname` ולאחריה השם המבוקש. הקפדה על אותיות גדולות כפי שנדרש היא קריטית במערכות סיסקו, ולכן הפקודה המדויקת היא `hostname EXAM`.</li></ul>",0,any,0,0,0,,,,medium,0,,0,0,0,0,0.00,0,0,,0,0,0.50,0.00,,Medium,1,,0,0,0,0,0,0.00,0,0,0,0,0.00,0,,0,0,0
200071,648,"להלן טופולוגיה:<br /><br /><a href=\'https://tikshuv-ccna.com/wp-content/uploads/2025/01/2_coomputers_topology_connection.jpg\' target=\'_blank\' rel=\'noopener\'><img class=\'aligncenter wp-image-7519 size-medium\' src=\'https://tikshuv-ccna.com/wp-content/uploads/2025/01/2_coomputers_topology_connection-300x125.jpg\' alt=\'\' width=\'300\' height=\'125\' /></a>כתבו את הפקודה המאפשרת לבדוק קישוריות תקינה שיוצאת מהמחשב של תלמיד 1 למחשב של תלמיד 2:<br /><br />{{{ping 192.168.1.2}}}",gaps,6,218,0,"<b>התשובה הנכונה:</b> ping 192.168.1.2<br><br><b>הסבר:</b><br>בטופולוגיה ניתן לראות שהמחשב של \"תלמיד 1\" מחזיק בכתובת המקור 192.168.1.1, ואילו המחשב של \"תלמיד 2\" (היעד אליו נדרש לבדוק את הקישוריות) מחזיק בכתובת 192.168.1.2.<br><br>פקודת ה-<b>ping</b> היא כלי בסיסי לבדיקת קישוריות (Connectivity) בין רכיבים. היא שולחת הודעות ICMP Echo ליעד וממתינה לתשובה. כדי לבצע את הבדיקה בהצלחה מתלמיד 1, יש להקליד את הפקודה `ping` בתוספת כתובת ה-IP של ציוד **היעד**. לכן, הקלדה של כתובת היעד במלואה - `ping 192.168.1.2` - היא הפעולה הנכונה.",0,any,0,0,0,,,,medium,0,,0,0,0,0,0.00,0,0,,0,0,1.00,0.00,,Medium,1,,0,0,0,0,0,0.00,0,0,0,0,0.00,0,,0,0,0
200072,648,"מהו הערך העשרוני (בסיס 10) של המספר הבינארי 101111? {{{47}}}<br /><br />רשמו את דרך החישוב או הסבירו כיצד חישבתם? {{{אין אפשרות להציג תשובה}}}",gaps,7,6,0,"<b>התשובה הנכונה:</b> 47<br><br><b>הסבר ודרך חישוב:</b><br>כדי להמיר מספר בינארי לעשרוני, מציבים את הביטים מתחת לערכי החזקות של 2, מימין לשמאל: 1, 2, 4, 8, 16, 32.<br>המספר שלנו הוא 101111.<br>נכפיל ונחבר את הערכים שבהם מופיע הספרה \'1\':<br>הביט הימני: 1 * 1 = 1<br>הביט הבא: 1 * 2 = 2<br>הביט הבא: 1 * 4 = 4<br>הביט הבא: 1 * 8 = 8<br>הביט הבא: 0 * 16 = 0 (מדלגים)<br>הביט השמאלי: 1 * 32 = 32<br>נסכם הכל: 32 + 8 + 4 + 2 + 1 = <b>47</b>.",0,any,0,0,0,,,||,medium,0,,0,0,0,0,0.00,0,0,,0,0,1.00,0.00,,Easy,0,,0,0,0,0,0,0.00,0,0,0,0,0.00,0,,0,0,0
200073,648,"איזה פרוטוקול מאפשר למצוא כתובות IP של אתרי אינטרנט?",radio,8,53,0,"<b>התשובה הנכונה:</b> DNS<br><br><b>הסבר מפורט:</b><br><b>DNS</b> (Domain Name System) הוא השירות שאחראי על תרגום שמות אתרים קריאים לבני אדם (למשל www.google.com) לכתובות ה-IP המספריות שלהם (למשל 142.250.186.46), כדי שהדפדפן ידע לאן לפנות.<br><br><b>מדוע שאר התשובות שגויות?</b><br><ul><li><b>VTP:</b> (VLAN Trunking Protocol) זהו פרוטוקול של סיסקו המשמש לסנכרון הגדרות של VLANs בין מתגים שונים ברשת פנימית. אין לו קשר לאתרי אינטרנט או תרגום שמות.</li><li><b>HTTPS:</b> (Hypertext Transfer Protocol Secure) הוא הפרוטוקול שמאפשר גלישה והעברת נתונים מוצפנת ומאובטחת בין הלקוח לאתר, אך הוא לא זה ש\"מוצא\" או מתרגם את כתובת ה-IP עצמה.</li><li><b>DHCP:</b> תפקידו לחלק כתובות IP ונתוני רשת (כגון Default Gateway ו-DNS Server) בצורה אוטומטית למחשבים ברשת המקומית, ולא למצוא כתובות IP של שרתים באינטרנט.</li></ul>",0,any,0,0,0,,loose,,medium,0,,0,0,0,0,0.00,0,0,,0,0,1.00,0.00,,Easy,1,,0,0,0,0,0,0.00,0,0,0,0,0.00,0,,0,0,0
200074,648,"לפניכם היגדים המתייחסים לכתובת ה- IP הבאה: 172.16.3.0/16<br />קבעו לגבי כל אחד מההיגדים אם הוא נכון או לא נכון.<br /><br />א. לפי כתובת זו ניתן להגדיר רק 512 מחשבים. {{{לא נכון|נכון}}}<br /><br />ב. מסכת הרשת של כתובת זו היא 255.255.255.0. {{{לא נכון|נכון}}}",gaps,9,48,0,"<b>הסבר כללי על הכתובת 172.16.3.0/16:</b><br>קידומת ה-/16 אומרת ש-16 הביטים הראשונים הם הרשת, ו-16 הביטים הנותרים (מתוך 32) הם עבור המארחים.<br><br><b>ניתוח ההיגדים:</b><br><ul><li><b>א. לפי כתובת זו ניתן להגדיר רק 512 מחשבים (לא נכון):</b> מכיוון שנשארו לנו 16 ביטים עבור המארחים (Hosts), כמות המחשבים שניתן להגדיר מחושבת כך: 2 בחזקת 16, פחות 2 (כתובת הרשת וכתובת השידור). התוצאה היא 65,534 מארחים אפשריים, ולא 512.</li><li><b>ב. מסכת הרשת של כתובת זו היא 255.255.255.0 (לא נכון):</b> מכיוון שהקידומת היא /16 (כלומר שתי האוקטטות הראשונות מלאות), מסכת הרשת התואמת היא 255.255.0.0. המסכה 255.255.255.0 מתאימה לקידומת /24.</li></ul>",0,all,0,0,0,,,,medium,0,,0,0,0,0,0.00,0,0,,0,0,0.50,0.00,,Easy,1,,0,1,0,0,0,0.00,0,0,0,0,0.00,0,,0,0,0
200075,648,"באיזו שיטת שידור נשלח המידע מתחנה אחת לקבוצה של מחשבים בתוך הרשת המקומית?",radio,10,48,0,"<b>התשובה הנכונה:</b> multicast (שידור רב-נמענים)<br><br><b>הסבר וניתוח התשובות:</b><br><ul><li><b>multicast (התשובה הנכונה):</b> זוהי שיטת שידור שבה מידע נשלח מתחנה אחת אל **קבוצה ספציפית** של תחנות שמעוניינות לקבל את המידע (One to Many). זוהי דרך יעילה מאוד, למשל, להעברת שידורי וידאו ברשת מבלי להציף תחנות אחרות.</li><li><b>broadcast (תשובה שגויה):</b> שידור שבו המידע נשלח מתחנה אחת אל **כל** התחנות שנמצאות באותו מתחם רשת (One to All). השאלה התייחסה ל\"קבוצה של מחשבים\" ולא לכולם, ולכן Broadcast שגוי.</li><li><b>unicast (תשובה שגויה):</b> שידור שבו המידע נשלח מתחנה אחת אל תחנה **אחת בודדת** ויחידה (One to One).</li><li><b>all-to-all (תשובה שגויה):</b> אין שיטת שידור כזו במינוח הרשמי של רשתות מחשבים תקניות; זהו מסיח דמיוני שנועד לבלבל.</li></ul>",0,any,0,0,0,,loose,,medium,0,,0,0,0,0,0.00,0,0,,0,0,1.00,0.00,,"Very Easy",1,,0,0,0,0,0,0.00,0,0,0,0,0.00,0,,0,0,0
200076,648,"איזו פקודה תאפשר להגדיר לממשק gig0/0 בנתב R1 את כתובת ה- IP הבאה: 192.168.1.254/24?",radio,11,55,0,,0,any,0,0,0,,loose,,medium,0,,0,0,0,0,0.00,0,0,,0,0,1.00,0.00,,Medium,1,,0,0,0,0,0,0.00,0,0,0,0,0.00,0,,0,0,0
200077,648,"איזו מבין הכתובות הבאות לא מאפשרת גלישה באינטרנט?",radio,12,48,0,,0,any,0,0,0,,loose,,medium,0,,0,0,0,0,0.00,0,0,,0,0,1.00,0.00,,Easy,1,,0,0,0,0,0,0.00,0,0,0,0,0.00,0,,0,0,0
200078,648,"מהו הפרוטוקול שמאפשר לנתב חבילות נתונים בין רשתות שונות?",radio,13,224,0," דינאמי ו- OSPF",0,0,0,0,0,,,|loose|,,1,0,0,0,0,0,0.00,0,0,,0,0,0.00,0.00,1.00/0.00,0,0,,0,0,0,0,1,0.00,0,0,0,0,0.00,0,,0,0,0
200079,648,"מהו תפקיד השרת ברשת?",radio,14,48,0,,0,any,0,0,0,,loose,,medium,0,,0,0,0,0,0.00,0,0,,0,0,1.00,0.00,,Easy,1,,0,0,0,0,0,0.00,0,0,0,0,0.00,0,,0,0,0
200080,648,"מה מבין הבאים חייב להיות מותקן במחשב כדי שתתאפשר בו גלישה באינטרנט?",radio,15,48,0,,0,any,0,0,0,,loose,,medium,0,,0,0,0,0,0.00,0,0,,0,0,1.00,0.00,,"Very Easy",1,,0,0,0,0,0,0.00,0,0,0,0,0.00,0,,0,0,0
200081,648,"נתונה כתובת ה- IP הבאה: 130.22.54.254. איזה מההיגדים הבאים נכון לגביה?",radio,16,48,0,,0,any,0,0,0,,loose,,medium,0,,0,0,0,0,0.00,0,0,,0,0,1.00,0.00,,"Very Easy",1,,0,0,0,0,0,0.00,0,0,0,0,0.00,0,,0,0,0
200082,648,"לפניכם היגדים המתייחסים לפרוטוקול DHCP.<br />קבעו לגבי כל אחד מההיגדים אם הוא נכון או לא נכון.<br /><br />א. אין אפשרות להגדיר פרוטוקול זה בנתב. {{{לא נכון|נכון}}}<br /><br />ב. הפרוטוקול מחלק כתובות IP להתקנים ברשת על פי בקשה. {{{נכון|לא נכון}}}<br /><br />ג. הפרוטוקול מאפשר לחלק כתובות ציבוריות בלבד. {{{לא נכון|נכון}}}<br /><br />ד. הפרוטוקול מציג מיפוי של כתובות MAC מול כתובות IP. {{{לא נכון|נכון}}}",gaps,17,225,0," DHCP ו-DORA",0,0,0,0,0,,,,,1,0,0,0,0,0,0.00,0,0,,0,0,0.00,0.00,0.25/0.00,0,1,,0,0,0,0,1,0.00,0,0,0,0,0.00,0,,0,0,0
200083,648,"נתונה כתובת ה- IP הבאה: 10.10.10.10/8. מהו מזהה הרשת (Network ID) שלה? {{{10.0.0.0}}}",gaps,18,48,0,,0,all,0,0,0,,,,medium,0,,0,0,0,0,0.00,0,0,,0,0,1.00,0.00,,Medium,1,,0,0,0,0,0,0.00,0,0,0,0,0.00,0,,0,0,0
200084,648,"איזו מבין הכתובות הבאות היא כתובת לוגית?",radio,19,48,0,,0,any,0,0,0,,loose,||,medium,0,,0,0,0,0,0.00,0,0,,0,0,1.00,0.00,,Medium,1,,0,0,0,0,0,0.00,0,0,0,0,0.00,0,,0,0,0
200085,648,"מחשב מתחבר לראשונה לרשת. באיזו שיטת שידור משתמש המחשב כדי למצוא שרת DHCP ברשת?",radio,20,225,0," DHCP ו-DORA",0,0,0,0,0,,,|loose|,,1,0,0,0,0,0,0.00,0,0,,0,0,0.00,0.00,1.00/0.00,0,0,,0,0,0,0,1,0.00,0,0,0,0,0.00,0,,0,0,0
200086,648,"על פי איזו כתובת מזהה המתג (Switch) את ההתקנים המחוברים אליו?",radio,21,48,0,,0,any,0,0,0,,loose,,medium,0,,0,0,0,0,0.00,0,0,,0,0,1.00,0.00,,Medium,1,,0,0,0,0,0,0.00,0,0,0,0,0.00,0,,0,0,0
200087,648,"מהו הערך המרבי (המקסימלי) של מספר המארחים (HOSTs) שניתן להגדיר בשרת Class C?<br />{{{254}}}",gaps,22,48,0,,0,all,0,0,0,,,,medium,0,,0,0,0,0,0.00,0,0,,0,0,1.00,0.00,,Medium,1,,0,0,0,0,0,0.00,0,0,0,0,0.00,0,,0,0,0
200088,648,"לפניכם היגדים המתייחסים להוראות בטיחות במעבדה.<br />קבוע לגבי כל אחד מההיגדים אם הוא נכון או לא נכון.<br /><br />א. אם מסך המחשב התקלקל מותר לתלמיד לנסות לתקן אותו בעצמו. {{{לא נכון|נכון}}}<br /><br />ב. יש להכיר מראש דרך מילוט למקרה של שריפה במעבדה. {{{נכון|לא נכון}}}<br /><br />ג. יש להשתמש במשטח מגן על שולחן העבודה רק כאשר התקלה במחשב מחייבת זאת. {{{לא נכון|נכון}}}",gaps,23,221,0,,0,all,0,0,0,,,,medium,0,,0,0,0,0,0.00,0,0,,0,0,0.33,0.00,,Medium,1,,0,1,0,0,0,0.00,0,0,0,0,0.00,0,,0,0,0
200089,648,"לאיזה סוג הודעות משמשת כתובת ה- MAC הבאה: FF:FF:FF:FF:FF:FF?",radio,24,48,0,,0,any,0,0,0,,loose,,medium,0,,0,0,0,0,0.00,0,0,,0,0,1.00,0.00,,Hard,1,,0,0,0,0,0,0.00,0,0,0,0,0.00,0,,0,0,0
200090,648,"איזו פקודה ליצירת סיסמה מוצפנת (encrypted) מגבילה את הגישה למצב הרשאה (enable mode), בנתב RouterA?",radio,25,49,0,,0,any,0,0,0,,loose,,medium,0,,0,0,0,0,0.00,0,0,,0,0,1.00,0.00,,Hard,1,,0,0,0,0,0,0.00,0,0,0,0,0.00,0,,0,0,0
200091,648,"נתונה כתובת ה- IP הבאה: 195.23.2.240/24.<br />מהו הייצוג הבינארי של חלק ה- HOST?",radio,26,48,0,,0,any,0,0,0,,loose,,medium,0,,0,0,0,0,0.00,0,0,,0,0,1.00,0.00,,Medium,1,,0,0,0,0,0,0.00,0,0,0,0,0.00,0,,0,0,0
200092,648,"איזו מהכתובות הבאות מאפשרת התחברות לאינטרנט?",radio,27,48,0,,0,any,0,0,0,,loose,,medium,0,,0,0,0,0,0.00,0,0,,0,0,1.00,0.00,,Easy,1,,0,0,0,0,0,0.00,0,0,0,0,0.00,0,,0,0,0
200093,648,"קבעו לגבי כל אחד מההיגדים הבאים אם הוא נכון או לא נכון.<br /><ol>    <li>טבלת ARP מכילה רשימה של כתובות MAC וכתובות IP. {{{נכון|לא נכון}}}</li>    <li>כתובות ה- MAC של מחשב היא כתובת לוגית, וכתובת ה- IP היא פיזית. {{{לא נכון|נכון}}}</li>    <li>אם מחשב לא יודע מהי כתובת ה- MAC של היעד, הוא ישלח ARP Request. {{{נכון|לא נכון}}}</li>    <li>חבילת ARP-Request מכילה את כתובת ה- IP של מחשב היעד. {{{נכון|לא נכון}}}</li></ol>",gaps,28,48,0,,0,all,0,0,0,,,||,medium,0,,0,0,0,0,0.00,0,0,,0,0,0.25,0.00,,Hard,0,,0,1,0,0,0,0.00,0,0,0,0,0.00,0,,0,0,0
200094,648,"באיזה מקרה המתג (Switch) שולח מסגרת נתונים לכל היציאות (הממשקים) שלו?",radio,29,48,0,,0,any,0,0,0,,loose,,medium,0,,0,0,0,0,0.00,0,0,,0,0,1.00,0.00,,"Very Hard",1,,0,0,0,0,0,0.00,0,0,0,0,0.00,0,,0,0,0
200095,648,"<strong>הערה:</strong> שאלה זו מורכבת משתי שאלות המתייחסות לאותן הפקודות הבאות, הפקודות יופיעו בשתי השאלות ולכן ניתן להתעלם מהערה זו.<br />***************************<br /><br />לפניכם פקודות שנכתבו בנתב BAGRUT:<br /><p dir=\'ltr\' style=\'direction: ltr;\'>BAGRUT# config terminal<br />BAGRUT(config)# enable password good<br />BAGRUT(config)# enable secret tal<br />BAGRUT(config)# line console 0<br />BAGRUT(config-line)# password 123!<br />BAGRUT(config-line)# login<br />BAGRUT(config-line)# line vty 0 4<br />BAGRUT(config-line)# password tikshuv5<br />BAGRUT(config-line)# login</p>באיזה מקרה יש להקליד את הסיסמה good?",radio,30,226,0," SSH הגדרות וססמאות",0,0,0,0,0,,,|loose|,,1,0,0,0,0,0,0.00,0,0,,0,0,0.00,0.00,1.00/0.00,0,0,,0,0,0,0,1,0.00,0,0,0,0,0.00,0,,0,0,0
200096,648,"<strong>הערה:</strong> שאלה זו מורכבת משתי שאלות המתייחסות לאותן הפקודות הבאות, הפקודות יופיעו בשתי השאלות ולכן ניתן להתעלם מהערה זו.<br />***************************<br /><br />לפניכם פקודות שנכתבו בנתב BAGRUT:<br /><p dir=\'ltr\' style=\'direction: ltr;\'>BAGRUT# config terminal<br />BAGRUT(config)# enable password good<br />BAGRUT(config)# enable secret tal<br />BAGRUT(config)# line console 0<br />BAGRUT(config-line)# password 123!<br />BAGRUT(config-line)# login<br />BAGRUT(config-line)# line vty 0 4<br />BAGRUT(config-line)# password tikshuv5<br />BAGRUT(config-line)# login</p>השלימו: נתב BAGRUT נמצא בסניף בית ספר באילת. כדי להתחבר לנתב זה מירושלים יש להקליד את הסיסמה: {{{tikshuv5}}}",gaps,31,226,0," SSH הגדרות וססמאות",0,0,0,0,0,,,,||,1,0,0,0,0,0,0.00,0,0,,0,0,0.00,0.00,1.00/0.00,0,0,,0,0,0,0,0,0.00,0,0,0,0,0.00,0,,0,0,0
200097,648,"קבעו לגבי כל אחד מההיגדים הבאים אם הוא נכון או לא נכון.<br /><ol>    <li>הפרוטוקול HTTP משמש להקצאת כתובות IP למחשבים ברשת המקומית {{{לא נכון|נכון}}}</li>    <li>הפרוטוקול SSH מאפשר להתחבר לנתב מרחוק בצורה מאובטחת כדי להגדירו. {{{נכון|לא נכון}}}</li></ol>",gaps,32,53,0,,0,all,0,0,0,,,,medium,0,,0,0,0,0,0.00,0,0,,0,0,0.50,0.00,,Easy,0,,0,1,0,0,0,0.00,0,0,0,0,0.00,0,,0,0,0
200098,648,"קבעו לגבי כל אחד מההיגדים הבאים אם הוא נכון או לא נכון.<br /><ol>    <li>שרת DHCP מאפשר להגדיר במחשבים שמבקשים כתובת IP גם כתובת שרת DNS וכתובת שער יציאה (Default Gateway). {{{נכון|לא נכון}}}</li>    <li>פרוטוקול DNS מבצע מיפוי בין כתובת לוגיות (IP) לכתובת פיזיות (MAC). {{{לא נכון|נכון}}}</li></ol>",gaps,33,53,0,,0,any,0,0,0,,,,medium,0,,0,0,0,0,0.00,0,0,,0,0,0.50,0.00,,Medium,1,,0,1,0,0,0,0.00,0,0,0,0,0.00,0,,0,0,0
200099,648,"מה ההבדל העיקרי בין פרוטוקול TCP לבין פרוטוקול UDP?",radio,34,53,0,,0,any,0,0,0,,loose,,medium,0,,0,0,0,0,0.00,0,0,,0,0,1.00,0.00,,Easy,1,,0,0,0,0,0,0.00,0,0,0,0,0.00,0,,0,0,0
200100,648,"להלן טופולוגיה. כל ההתקנים מוגדרים בצורה תקינה, ומתקיימת תקשורת בין שני הנתבים.<br /><br />[caption id=\'attachment_7520\' align=\'aligncenter\' width=\'300\']<a href=\'https://tikshuv-ccna.com/wp-content/uploads/2025/01/2_routers_dhcp_connection.jpg\' target=\'_blank\' rel=\'noopener\'><img class=\'wp-image-7520 size-medium\' src=\'https://tikshuv-ccna.com/wp-content/uploads/2025/01/2_routers_dhcp_connection-300x69.jpg\' alt=\'\' width=\'300\' height=\'69\' /></a> לחצו להגדלה[/caption]<br /><br />נתונות חלק מההגדרות שהוגדרו בנתב R1.<br /><p dir=\'ltr\'>R1# show run<br />R1(config)# interface fa0/0<br />R1(config-if)# ip helper-address 10.10.1.2</p>מה יקרה כאשר מחשב Host A יתחבר לרשת וישלח הודעת גילוי DHCP (הודעת DHCP Discover).<br />[שימו לב! R2 הוא שרת ה- DHCP היחיד].<br /><br />&nbsp;",radio,35,55,0,,0,any,0,0,0,,loose,||,medium,0,,0,0,0,0,0.00,0,0,,0,0,1.00,0.00,,Hard,1,,0,0,0,0,0,0.00,0,0,0,0,0.00,0,,0,0,0
200101,648,"[caption id=\'attachment_7521\' align=\'aligncenter\' width=\'300\']<a href=\'https://tikshuv-ccna.com/wp-content/uploads/2025/01/ospf_routers_area_0_config.jpg\' target=\'_blank\' rel=\'noopener\'><img class=\'wp-image-7521 size-medium\' src=\'https://tikshuv-ccna.com/wp-content/uploads/2025/01/ospf_routers_area_0_config-300x65.jpg\' alt=\'\' width=\'300\' height=\'65\' /></a> לחצו להגדלה[/caption]<br /><br />השלימו את הפקודות הבאות כדי להגדיר את פרוטוקול הניתוב OSPF בנתב R1.<br />שימו לב! רשמו בתחילה את ההגדרות של החלק השמאלי ולאחר מכן את החלק הימני:<br /><p dir=\'ltr\'>R1(config)# router ospf 1<br />R1(config-router)# {{{network 192.168.10.0 0.0.0.255 area 0|net 192.168.10.0 0.0.0.255 area 0|network 192.168.10.0 0.0.0.255 are 0|net 192.168.10.0 0.0.0.255 are 0}}}<br />R1(config-router)#{{{network 172.16.0.0 0.0.255.255 area 0|net 172.16.0.0 0.0.255.255 area 0|network 172.16.0.0 0.0.255.255 are 0|net 172.16.0.0 0.0.255.255 are 0}}}</p>",gaps,36,224,0," דינאמי ו- OSPF",0,0,0,0,0,,,,||,1,0,0,0,0,0,0.00,0,0,,0,0,0.00,0.00,0.50/0.00,0,0,,0,0,0,0,0,0.00,0,0,0,0,0.00,0,,0,0,0
200102,648,"<strong>הערה:</strong> שימו לב! שאלה זו היא חלק מרצף שאלות, תמונת הטופולוגיה מתייחסת לכל השאלות, עם זאת ניתן להתעלם מהערה זאת מכיון שהטופולוגיה תופיע בכל שאלה מרצף השאלות.<br /><br />----------------------------------------<br /><br />לפניכם טופולוגיה<br /><br />[caption id=\'attachment_7523\' align=\'aligncenter\' width=\'300\']<a href=\'https://tikshuv-ccna.com/wp-content/uploads/2025/01/routers_topology_routing_acl_ips-1.jpg\' target=\'_blank\' rel=\'noopener\'><img class=\'wp-image-7523 size-medium\' src=\'https://tikshuv-ccna.com/wp-content/uploads/2025/01/routers_topology_routing_acl_ips-1-300x203.jpg\' alt=\'\' width=\'300\' height=\'203\' /></a> לחצו להגדלה[/caption]<br /><br />איזו פקודה יש לכתוב בנתב R2 כדי להגדיר ניתוב סטטי לרשת של מחשב PC-2?",radio,37,224,0," דינאמי ו- OSPF",0,0,0,0,0,,,|loose|,,1,0,0,0,0,0,0.00,0,0,,0,0,0.00,0.00,1.00/0.00,0,0,,0,0,0,0,1,0.00,0,0,0,0,0.00,0,,0,0,0
200103,648,"<strong>הערה:</strong> שימו לב! שאלה זו היא חלק מרצף שאלות, תמונת הטופולוגיה מתייחסת לכל השאלות, עם זאת ניתן להתעלם מהערה זאת מכיון שהטופולוגיה תופיע בכל שאלה מרצף השאלות.<br /><br />----------------------------------------<br /><br />לפניכם טופולוגיה<br /><br />[caption id=\'attachment_7523\' align=\'aligncenter\' width=\'300\']<a href=\'https://tikshuv-ccna.com/wp-content/uploads/2025/01/routers_topology_routing_acl_ips-1.jpg\' target=\'_blank\' rel=\'noopener\'><img class=\'wp-image-7523 size-medium\' src=\'https://tikshuv-ccna.com/wp-content/uploads/2025/01/routers_topology_routing_acl_ips-1-300x203.jpg\' alt=\'\' width=\'300\' height=\'203\' /></a> לחצו להגדלה[/caption]<br /><br />השלימו לפי הטופולוגיה:<br /><br />ברשת 192.168.1.0 ניתן להגדיר לכל היותר {{{253|252}}} מחשבים. [<strong>שימו לב!</strong> - התחשבו בכך שיש שם ראוטר]<br /><br />מסכת תת הרשת (subnet mask) המחברת בין נתב R1 לנתב R2 היא: {{{255.255.255.0}}}",gaps,38,48,0,,0,all,0,0,0,,,,medium,0,,0,0,0,0,0.00,0,0,,0,0,0.50,0.00,,Medium,1,,0,0,0,0,0,0.00,0,0,0,0,0.00,0,,0,0,0
200104,648,"<strong>הערה:</strong> שימו לב! שאלה זו היא חלק מרצף שאלות, תמונת הטופולוגיה מתייחסת לכל השאלות, עם זאת ניתן להתעלם מהערה זאת מכיון שהטופולוגיה תופיע בכל שאלה מרצף השאלות.<br /><br />----------------------------------------<br /><br />לפניכם טופולוגיה<br /><br />[caption id=\'attachment_7523\' align=\'aligncenter\' width=\'300\']<a href=\'https://tikshuv-ccna.com/wp-content/uploads/2025/01/routers_topology_routing_acl_ips-1.jpg\' target=\'_blank\' rel=\'noopener\'><img class=\'wp-image-7523 size-medium\' src=\'https://tikshuv-ccna.com/wp-content/uploads/2025/01/routers_topology_routing_acl_ips-1-300x203.jpg\' alt=\'\' width=\'300\' height=\'203\' /></a> לחצו להגדלה[/caption]<br /><br />מנהל הרשת התבקש <strong>לא לאפשר</strong> למחשב PC-2 להיכנס למקטע Fa0/0 בנתב R1.<br /><br />השלימו את הפקודות:<br /><p dir=\'ltr\'>R1(config)# access-list 30 {{{deny}}} {{{host|192.168.2.1}}} {{{192.168.2.1|0.0.0.0}}}<br />R1(config)# access-list 30 {{{permit}}} any<br />R1(config)# interface {{{fa0/0|fast0/0|fastethernet0/0|f0/0|fastethern0/0}}}<br />R1(config-if)# ip access-group 30 out<br />R1(config-if)#</p>&nbsp;",gaps,39,227,0," סטנדרט ואקסטנדד",0,0,0,0,0,,,,,1,0,0,0,0,0,0.00,0,0,,0,0,0.00,0.00,0.20/0.00,0,0,,0,0,0,0,0,0.00,0,0,0,0,0.00,0,,0,0,0
200105,648,"<p style=\'direction: rtl;\'>נתונה חבילת נתונים שהגיעה למתג Switch-Main, ומכילה את הכתובות הבאות:</p><table style=\'direction: ltr;\'><thead><tr><th>Source MAC Address</th><th>Destination MAC Address</th></tr></thead><tbody><tr><td style=\'text-align: center;\'>000b.a024.c505</td><td style=\'text-align: center;\'>0040.0f3a.734b</td></tr></tbody></table>כמו כן נתון הפלט הבא:<br /><p dir=\'ltr\' style=\'direction: ltr;\'>Switch-Main# show mac-address-table</p><div style=\'display: flex; justify-content: center; align-items: center;\'><table border=\'1\'><thead><tr><th style=\'text-align: center;\' colspan=\'4\'>Mac Address Table</th></tr><tr><th style=\'text-align: center;\'>Port</th><th style=\'text-align: center;\'>Vlan</th><th style=\'text-align: center;\'>Mac Address</th><th style=\'text-align: center;\'>Type</th></tr></thead><tbody><tr><td style=\'text-align: center;\'>Fa0/24</td><td style=\'text-align: center;\'>1</td><td style=\'text-align: center;\'>0040.0faa.7321</td><td>DYNAMIC</td></tr><tr><td style=\'text-align: center;\'>Fa0/3</td><td style=\'text-align: center;\'>2</td><td style=\'text-align: center;\'>0000.0cd1.e503</td><td style=\'text-align: center;\'>DYNAMIC</td></tr><tr><td style=\'text-align: center;\'>Fa0/2</td><td style=\'text-align: center;\'>1</td><td style=\'text-align: center;\'>000b.beab.c3d3</td><td>DYNAMIC</td></tr><tr><td style=\'text-align: center;\'>Fa0/4</td><td style=\'text-align: center;\'>1</td><td style=\'text-align: center;\'>00d0.a3d5.c3db</td><td style=\'text-align: center;\'>STATIC</td></tr></tbody></table>&nbsp;<br /><br /></div>לפניכם היגדים המתייחסים למתג Switch-Main.<br />קבעו לגבי כל אחד מהם אם הוא נכון או לא נכון.<br /><ol>    <li>המתג יוסיף לטבלת כתובות ה- MAC השמורה בזיכרון שלו את הכתובת 000b.a024.c505. {{{נכון|לא נכון}}}</li>    <li>המתג יוסיף לטבלת כתובות ה- MAC השמורה בזיכרון שלו את הכתובת FFFF.FFFF.FFFF. {{{לא נכון|נכון}}}</li></ol>",gaps,40,228,0," חקירות",1,,0,0,0,,,,,0,medium,0,0,0,0,0.00,0,0,,0,0,1.00,0.00,all,0,0,,0,1,0,0,1,0.00,0,0,0,0,0.00,0,1,0,0,0
200106,648,"לפניכם טופולוגיה. כל ההתקנים בטופולוגיה הוגדרו.<br /><br />[caption id=\'attachment_7524\' align=\'aligncenter\' width=\'300\']<a href=\'https://tikshuv-ccna.com/wp-content/uploads/2025/01/ROAS_2_vlans.jpg\' target=\'_blank\' rel=\'noopener\'><img class=\'wp-image-7524 size-medium\' src=\'https://tikshuv-ccna.com/wp-content/uploads/2025/01/ROAS_2_vlans-300x169.jpg\' alt=\'ROAS_2_vlans\' width=\'300\' height=\'169\' /></a> לחצו להגדלה.[/caption]<br /><br />משתמש PC-1 מתלונן שאינו יכול לתקשר עם משתמש PC-2.<br />מנהל הרשת בדק את הגדרות נתב R1 המשמש כ-נתב על מקל (Router-on-A-Stick) באמצעות הפקודה show running-config.<br /><br />להלן פלט חלקי שהתקבל:<br /><p dir=\'ltr\' style=\'direction: ltr;\'>R1# show running-config<br />interface GigabitEthernet0/0<br />no ip address<br /><br />interface GigabitEthernet0/0.15<br />encapsulation dot1q 15<br />ip address 192.168.10.254 255.255.255.0<br /><br />interface GigabitEthernet0/0.20<br />encapsulation dot1q 20<br />ip address 192.168.20.254 255.255.255.0</p><p style=\'direction: rtl;\'>לפניכם היגדים המתייחסים לסיבה שבגללה המחשבים PC1 ו- PC2 לא יכולים לתקשר ביניהם.<br />קבעו לגבי כל אחד מהם אם הוא נכון או לא נכון.</p><ol>    <li>חובה להגדר כתובת IP בנתב R1 ביציאה Gig0/0. {{{לא נכון|נכון}}}</li>    <li>במקום GigabitEthernet0/0.15 יש להגדיר GigabitEthernet0/0.10. {{{לא נכון|נכון}}}</li>    <li>יציאה Fa0/15 במתג חייבת להיות מוגדרת במצב Trunk. {{{לא נכון|נכון}}}</li>    <li>במקום encapsulation dot1q 15 יש להגדיר encapsulation dot1q 10 {{{נכון|לא נכון}}}</li></ol>",gaps,41,55,0,,0,all,0,0,0,,,,medium,0,,0,0,0,0,0.00,0,0,,0,0,0.25,0.00,,"Very Hard",1,,0,1,0,0,0,0.00,0,0,0,0,0.00,0,,0,0,0
